//Scenario,Injector,MaxMw,Enforce,ScaleFactor,Schedule,Sequence,,,
0,122_HYDRO_1,0,0,0,122_HYDRO_1,,,,
0,122_HYDRO_2,0,0,0,122_HYDRO_2,,,,
0,122_HYDRO_3,0,0,0,122_HYDRO_3,,,,
0,122_HYDRO_4,0,0,0,122_HYDRO_4,,,,
0,122_HYDRO_5,0,0,0,122_HYDRO_5,,,,
0,122_HYDRO_6,0,0,0,122_HYDRO_6,,,,
0,201_HYDRO_4,0,0,0,201_HYDRO_4,,,,
0,215_HYDRO_1,0,0,0,215_HYDRO_1,,,,
0,215_HYDRO_2,0,0,0,215_HYDRO_2,,,,
0,215_HYDRO_3,0,0,0,215_HYDRO_3,,,,
0,222_HYDRO_1,0,0,0,222_HYDRO_1,,,,
0,222_HYDRO_2,0,0,0,222_HYDRO_2,,,,
0,222_HYDRO_3,0,0,0,222_HYDRO_3,,,,
0,222_HYDRO_4,0,0,0,222_HYDRO_4,,,,
0,222_HYDRO_5,0,0,0,222_HYDRO_5,,,,
0,222_HYDRO_6,0,0,0,222_HYDRO_6,,,,
0,322_HYDRO_1,0,0,0,322_HYDRO_1,,,,
0,322_HYDRO_2,0,0,0,322_HYDRO_2,,,,
0,322_HYDRO_3,0,0,0,322_HYDRO_3,,,,
0,322_HYDRO_4,0,0,0,322_HYDRO_4,,,,
0,320_PV_1,0,0,0,320_PV_1,,,,
0,314_PV_1,0,0,0,314_PV_1,,,,
0,314_PV_2,0,0,0,314_PV_2,,,,
0,313_PV_1,0,0,0,313_PV_1,,,,
0,314_PV_3,0,0,0,314_PV_3,,,,
0,314_PV_4,0,0,0,314_PV_4,,,,
0,313_PV_2,0,0,0,313_PV_2,,,,
0,310_PV_1,0,0,0,310_PV_1,,,,
0,324_PV_1,0,0,0,324_PV_1,,,,
0,312_PV_1,0,0,0,312_PV_1,,,,
0,310_PV_2,0,0,0,310_PV_2,,,,
0,324_PV_2,0,0,0,324_PV_2,,,,
0,324_PV_3,0,0,0,324_PV_3,,,,
0,113_PV_1,0,0,0,113_PV_1,,,,
0,319_PV_1,0,0,0,319_PV_1,,,,
0,215_PV_1,0,0,0,215_PV_1,,,,
0,102_PV_1,0,0,0,102_PV_1,,,,
0,101_PV_1,0,0,0,101_PV_1,,,,
0,102_PV_2,0,0,0,102_PV_2,,,,
0,104_PV_1,0,0,0,104_PV_1,,,,
0,101_PV_2,0,0,0,101_PV_2,,,,
0,101_PV_3,0,0,0,101_PV_3,,,,
0,101_PV_4,0,0,0,101_PV_4,,,,
0,103_PV_1,0,0,0,103_PV_1,,,,
0,119_PV_1,0,0,0,119_PV_1,,,,
0,308_RTPV_1,0,0,0,308_RTPV_1,,,,
0,313_RTPV_1,0,0,0,313_RTPV_1,,,,
0,313_RTPV_2,0,0,0,313_RTPV_2,,,,
0,313_RTPV_3,0,0,0,313_RTPV_3,,,,
0,313_RTPV_4,0,0,0,313_RTPV_4,,,,
0,313_RTPV_5,0,0,0,313_RTPV_5,,,,
0,313_RTPV_6,0,0,0,313_RTPV_6,,,,
0,313_RTPV_7,0,0,0,313_RTPV_7,,,,
0,313_RTPV_8,0,0,0,313_RTPV_8,,,,
0,313_RTPV_9,0,0,0,313_RTPV_9,,,,
0,313_RTPV_10,0,0,0,313_RTPV_10,,,,
0,313_RTPV_11,0,0,0,313_RTPV_11,,,,
0,313_RTPV_12,0,0,0,313_RTPV_12,,,,
0,320_RTPV_1,0,0,0,320_RTPV_1,,,,
0,320_RTPV_2,0,0,0,320_RTPV_2,,,,
0,320_RTPV_3,0,0,0,320_RTPV_3,,,,
0,313_RTPV_13,0,0,0,313_RTPV_13,,,,
0,320_RTPV_4,0,0,0,320_RTPV_4,,,,
0,320_RTPV_5,0,0,0,320_RTPV_5,,,,
0,118_RTPV_1,0,0,0,118_RTPV_1,,,,
0,118_RTPV_2,0,0,0,118_RTPV_2,,,,
0,118_RTPV_3,0,0,0,118_RTPV_3,,,,
0,118_RTPV_4,0,0,0,118_RTPV_4,,,,
0,118_RTPV_5,0,0,0,118_RTPV_5,,,,
0,118_RTPV_6,0,0,0,118_RTPV_6,,,,
0,320_RTPV_6,0,0,0,320_RTPV_6,,,,
0,118_RTPV_7,0,0,0,118_RTPV_7,,,,
0,118_RTPV_8,0,0,0,118_RTPV_8,,,,
0,118_RTPV_9,0,0,0,118_RTPV_9,,,,
0,118_RTPV_10,0,0,0,118_RTPV_10,,,,
0,213_RTPV_1,0,0,0,213_RTPV_1,,,,
0,309_WIND_1,0,0,0,309_WIND_1,,,,
0,317_WIND_1,0,0,0,317_WIND_1,,,,
0,303_WIND_1,0,0,0,303_WIND_1,,,,
0,122_WIND_1,0,0,0,122_WIND_1,,10p,20p,30p
0,101_EV,0,0,11.04,Evloadmax,,3.68,7.36,11.04
0,102_EV,0,0,9.9,Evloadmax,,3.3,6.6,9.9
0,103_EV,0,0,18.36,Evloadmax,,6.12,12.24,18.36
0,104_EV,0,0,7.56,Evloadmax,,2.52,5.04,7.56
0,105_EV,0,0,7.26,Evloadmax,,2.42,4.84,7.26
0,106_EV,0,0,13.89,Evloadmax,,4.63,9.26,13.89
0,107_EV,0,0,12.75,Evloadmax,,4.25,8.5,12.75
0,108_EV,0,0,17.46,Evloadmax,,5.82,11.64,17.46
0,109_EV,0,0,17.85,Evloadmax,,5.95,11.9,17.85
0,110_EV,0,0,19.89,Evloadmax,,6.63,13.26,19.89
0,113_EV,0,0,27.03,Evloadmax,,9.01,18.02,27.03
0,114_EV,0,0,19.8,Evloadmax,,6.6,13.2,19.8
0,115_EV,0,0,32.34,Evloadmax,,10.78,21.56,32.34
0,116_EV,0,0,10.2,Evloadmax,,3.4,6.8,10.2
0,118_EV,0,0,33.99,Evloadmax,,11.33,22.66,33.99
0,119_EV,0,0,18.48,Evloadmax,,6.16,12.32,18.48
0,120_EV,0,0,13.08,Evloadmax,,4.36,8.72,13.08
0,201_EV,0,0,8.67,Evloadmax,,2.89,5.78,8.67
0,202_EV,0,0,7.8,Evloadmax,,2.6,5.2,7.8
0,203_EV,0,0,14.46,Evloadmax,,4.82,9.64,14.46
0,204_EV,0,0,5.94,Evloadmax,,1.98,3.96,5.94
0,205_EV,0,0,5.7,Evloadmax,,1.9,3.8,5.7
0,206_EV,0,0,10.92,Evloadmax,,3.64,7.28,10.92
0,207_EV,0,0,10.05,Evloadmax,,3.35,6.7,10.05
0,208_EV,0,0,13.74,Evloadmax,,4.58,9.16,13.74
0,209_EV,0,0,14.04,Evloadmax,,4.68,9.36,14.04
0,210_EV,0,0,15.66,Evloadmax,,5.22,10.44,15.66
0,213_EV,0,0,21.27,Evloadmax,,7.09,14.18,21.27
0,214_EV,0,0,15.57,Evloadmax,,5.19,10.38,15.57
0,215_EV,0,0,25.44,Evloadmax,,8.48,16.96,25.44
0,216_EV,0,0,8.04,Evloadmax,,2.68,5.36,8.04
0,218_EV,0,0,26.73,Evloadmax,,8.91,17.82,26.73
0,219_EV,0,0,14.52,Evloadmax,,4.84,9.68,14.52
0,220_EV,0,0,10.29,Evloadmax,,3.43,6.86,10.29
0,301_EV,0,0,22.41,Evloadmax,,7.47,14.94,22.41
0,302_EV,0,0,20.13,Evloadmax,,6.71,13.42,20.13
0,303_EV,0,0,37.35,Evloadmax,,12.45,24.9,37.35
0,304_EV,0,0,15.36,Evloadmax,,5.12,10.24,15.36
0,305_EV,0,0,14.73,Evloadmax,,4.91,9.82,14.73
0,306_EV,0,0,28.23,Evloadmax,,9.41,18.82,28.23
0,307_EV,0,0,25.95,Evloadmax,,8.65,17.3,25.95
0,308_EV,0,0,35.46,Evloadmax,,11.82,23.64,35.46
0,309_EV,0,0,36.3,Evloadmax,,12.1,24.2,36.3
0,310_EV,0,0,40.44,Evloadmax,,13.48,26.96,40.44
0,313_EV,0,0,54.96,Evloadmax,,18.32,36.64,54.96
0,314_EV,0,0,40.23,Evloadmax,,13.41,26.82,40.23
0,315_EV,0,0,65.76,Evloadmax,,21.92,43.84,65.76
0,316_EV,0,0,20.76,Evloadmax,,6.92,13.84,20.76
0,318_EV,0,0,69.06,Evloadmax,,23.02,46.04,69.06
0,319_EV,0,0,37.56,Evloadmax,,12.52,25.04,37.56
0,320_EV,0,0,26.55,Evloadmax,,8.85,17.7,26.55
Scn4HA,122_HYDRO_1,0,0,0,122_HYDRO_1_RT,,,,
Scn4HA,122_HYDRO_2,0,0,0,122_HYDRO_2_RT,,,,
Scn4HA,122_HYDRO_3,0,0,0,122_HYDRO_3_RT,,,,
Scn4HA,122_HYDRO_4,0,0,0,122_HYDRO_4_RT,,,,
Scn4HA,122_HYDRO_5,0,0,0,122_HYDRO_5_RT,,,,
Scn4HA,122_HYDRO_6,0,0,0,122_HYDRO_6_RT,,,,
Scn4HA,201_HYDRO_4,0,0,0,201_HYDRO_4_RT,,,,
Scn4HA,215_HYDRO_1,0,0,0,215_HYDRO_1_RT,,,,
Scn4HA,215_HYDRO_2,0,0,0,215_HYDRO_2_RT,,,,
Scn4HA,215_HYDRO_3,0,0,0,215_HYDRO_3_RT,,,,
Scn4HA,222_HYDRO_1,0,0,0,222_HYDRO_1_RT,,,,
Scn4HA,222_HYDRO_2,0,0,0,222_HYDRO_2_RT,,,,
Scn4HA,222_HYDRO_3,0,0,0,222_HYDRO_3_RT,,,,
Scn4HA,222_HYDRO_4,0,0,0,222_HYDRO_4_RT,,,,
Scn4HA,222_HYDRO_5,0,0,0,222_HYDRO_5_RT,,,,
Scn4HA,222_HYDRO_6,0,0,0,222_HYDRO_6_RT,,,,
Scn4HA,322_HYDRO_1,0,0,0,322_HYDRO_1_RT,,,,
Scn4HA,322_HYDRO_2,0,0,0,322_HYDRO_2_RT,,,,
Scn4HA,322_HYDRO_3,0,0,0,322_HYDRO_3_RT,,,,
Scn4HA,322_HYDRO_4,0,0,0,322_HYDRO_4_RT,,,,
Scn4HA,320_PV_1,0,0,0,320_PV_1_RT,,,,
Scn4HA,314_PV_1,0,0,0,314_PV_1_RT,,,,
Scn4HA,314_PV_2,0,0,0,314_PV_2_RT,,,,
Scn4HA,313_PV_1,0,0,0,313_PV_1_RT,,,,
Scn4HA,314_PV_3,0,0,0,314_PV_3_RT,,,,
Scn4HA,314_PV_4,0,0,0,314_PV_4_RT,,,,
Scn4HA,313_PV_2,0,0,0,313_PV_2_RT,,,,
Scn4HA,310_PV_1,0,0,0,310_PV_1_RT,,,,
Scn4HA,324_PV_1,0,0,0,324_PV_1_RT,,,,
Scn4HA,312_PV_1,0,0,0,312_PV_1_RT,,,,
Scn4HA,310_PV_2,0,0,0,310_PV_2_RT,,,,
Scn4HA,324_PV_2,0,0,0,324_PV_2_RT,,,,
Scn4HA,324_PV_3,0,0,0,324_PV_3_RT,,,,
Scn4HA,113_PV_1,0,0,0,113_PV_1_RT,,,,
Scn4HA,319_PV_1,0,0,0,319_PV_1_RT,,,,
Scn4HA,215_PV_1,0,0,0,215_PV_1_RT,,,,
Scn4HA,102_PV_1,0,0,0,102_PV_1_RT,,,,
Scn4HA,101_PV_1,0,0,0,101_PV_1_RT,,,,
Scn4HA,102_PV_2,0,0,0,102_PV_2_RT,,,,
Scn4HA,104_PV_1,0,0,0,104_PV_1_RT,,,,
Scn4HA,101_PV_2,0,0,0,101_PV_2_RT,,,,
Scn4HA,101_PV_3,0,0,0,101_PV_3_RT,,,,
Scn4HA,101_PV_4,0,0,0,101_PV_4_RT,,,,
Scn4HA,103_PV_1,0,0,0,103_PV_1_RT,,,,
Scn4HA,119_PV_1,0,0,0,119_PV_1_RT,,,,
Scn4HA,308_RTPV_1,0,0,0,308_RTPV_1_RT,,,,
Scn4HA,313_RTPV_1,0,0,0,313_RTPV_1_RT,,,,
Scn4HA,313_RTPV_2,0,0,0,313_RTPV_2_RT,,,,
Scn4HA,313_RTPV_3,0,0,0,313_RTPV_3_RT,,,,
Scn4HA,313_RTPV_4,0,0,0,313_RTPV_4_RT,,,,
Scn4HA,313_RTPV_5,0,0,0,313_RTPV_5_RT,,,,
Scn4HA,313_RTPV_6,0,0,0,313_RTPV_6_RT,,,,
Scn4HA,313_RTPV_7,0,0,0,313_RTPV_7_RT,,,,
Scn4HA,313_RTPV_8,0,0,0,313_RTPV_8_RT,,,,
Scn4HA,313_RTPV_9,0,0,0,313_RTPV_9_RT,,,,
Scn4HA,313_RTPV_10,0,0,0,313_RTPV_10_RT,,,,
Scn4HA,313_RTPV_11,0,0,0,313_RTPV_11_RT,,,,
Scn4HA,313_RTPV_12,0,0,0,313_RTPV_12_RT,,,,
Scn4HA,320_RTPV_1,0,0,0,320_RTPV_1_RT,,,,
Scn4HA,320_RTPV_2,0,0,0,320_RTPV_2_RT,,,,
Scn4HA,320_RTPV_3,0,0,0,320_RTPV_3_RT,,,,
Scn4HA,313_RTPV_13,0,0,0,313_RTPV_13_RT,,,,
Scn4HA,320_RTPV_4,0,0,0,320_RTPV_4_RT,,,,
Scn4HA,320_RTPV_5,0,0,0,320_RTPV_5_RT,,,,
Scn4HA,118_RTPV_1,0,0,0,118_RTPV_1_RT,,,,
Scn4HA,118_RTPV_2,0,0,0,118_RTPV_2_RT,,,,
Scn4HA,118_RTPV_3,0,0,0,118_RTPV_3_RT,,,,
Scn4HA,118_RTPV_4,0,0,0,118_RTPV_4_RT,,,,
Scn4HA,118_RTPV_5,0,0,0,118_RTPV_5_RT,,,,
Scn4HA,118_RTPV_6,0,0,0,118_RTPV_6_RT,,,,
Scn4HA,320_RTPV_6,0,0,0,320_RTPV_6_RT,,,,
Scn4HA,118_RTPV_7,0,0,0,118_RTPV_7_RT,,,,
Scn4HA,118_RTPV_8,0,0,0,118_RTPV_8_RT,,,,
Scn4HA,118_RTPV_9,0,0,0,118_RTPV_9_RT,,,,
Scn4HA,118_RTPV_10,0,0,0,118_RTPV_10_RT,,,,
Scn4HA,213_RTPV_1,0,0,0,213_RTPV_1_RT,,,,
Scn4HA,309_WIND_1,0,0,0,309_WIND_1_RT,,,,
Scn4HA,317_WIND_1,0,0,0,317_WIND_1_RT,,,,
Scn4HA,303_WIND_1,0,0,0,303_WIND_1_RT,,,,
Scn4HA,122_WIND_1,0,0,0,122_WIND_1_RT,,,,
ScnHA,122_HYDRO_1,0,0,0,122_HYDRO_1_RT,,,,
ScnHA,122_HYDRO_2,0,0,0,122_HYDRO_2_RT,,,,
ScnHA,122_HYDRO_3,0,0,0,122_HYDRO_3_RT,,,,
ScnHA,122_HYDRO_4,0,0,0,122_HYDRO_4_RT,,,,
ScnHA,122_HYDRO_5,0,0,0,122_HYDRO_5_RT,,,,
ScnHA,122_HYDRO_6,0,0,0,122_HYDRO_6_RT,,,,
ScnHA,201_HYDRO_4,0,0,0,201_HYDRO_4_RT,,,,
ScnHA,215_HYDRO_1,0,0,0,215_HYDRO_1_RT,,,,
ScnHA,215_HYDRO_2,0,0,0,215_HYDRO_2_RT,,,,
ScnHA,215_HYDRO_3,0,0,0,215_HYDRO_3_RT,,,,
ScnHA,222_HYDRO_1,0,0,0,222_HYDRO_1_RT,,,,
ScnHA,222_HYDRO_2,0,0,0,222_HYDRO_2_RT,,,,
ScnHA,222_HYDRO_3,0,0,0,222_HYDRO_3_RT,,,,
ScnHA,222_HYDRO_4,0,0,0,222_HYDRO_4_RT,,,,
ScnHA,222_HYDRO_5,0,0,0,222_HYDRO_5_RT,,,,
ScnHA,222_HYDRO_6,0,0,0,222_HYDRO_6_RT,,,,
ScnHA,322_HYDRO_1,0,0,0,322_HYDRO_1_RT,,,,
ScnHA,322_HYDRO_2,0,0,0,322_HYDRO_2_RT,,,,
ScnHA,322_HYDRO_3,0,0,0,322_HYDRO_3_RT,,,,
ScnHA,322_HYDRO_4,0,0,0,322_HYDRO_4_RT,,,,
ScnHA,320_PV_1,0,0,0,320_PV_1_RT,,,,
ScnHA,314_PV_1,0,0,0,314_PV_1_RT,,,,
ScnHA,314_PV_2,0,0,0,314_PV_2_RT,,,,
ScnHA,313_PV_1,0,0,0,313_PV_1_RT,,,,
ScnHA,314_PV_3,0,0,0,314_PV_3_RT,,,,
ScnHA,314_PV_4,0,0,0,314_PV_4_RT,,,,
ScnHA,313_PV_2,0,0,0,313_PV_2_RT,,,,
ScnHA,310_PV_1,0,0,0,310_PV_1_RT,,,,
ScnHA,324_PV_1,0,0,0,324_PV_1_RT,,,,
ScnHA,312_PV_1,0,0,0,312_PV_1_RT,,,,
ScnHA,310_PV_2,0,0,0,310_PV_2_RT,,,,
ScnHA,324_PV_2,0,0,0,324_PV_2_RT,,,,
ScnHA,324_PV_3,0,0,0,324_PV_3_RT,,,,
ScnHA,113_PV_1,0,0,0,113_PV_1_RT,,,,
ScnHA,319_PV_1,0,0,0,319_PV_1_RT,,,,
ScnHA,215_PV_1,0,0,0,215_PV_1_RT,,,,
ScnHA,102_PV_1,0,0,0,102_PV_1_RT,,,,
ScnHA,101_PV_1,0,0,0,101_PV_1_RT,,,,
ScnHA,102_PV_2,0,0,0,102_PV_2_RT,,,,
ScnHA,104_PV_1,0,0,0,104_PV_1_RT,,,,
ScnHA,101_PV_2,0,0,0,101_PV_2_RT,,,,
ScnHA,101_PV_3,0,0,0,101_PV_3_RT,,,,
ScnHA,101_PV_4,0,0,0,101_PV_4_RT,,,,
ScnHA,103_PV_1,0,0,0,103_PV_1_RT,,,,
ScnHA,119_PV_1,0,0,0,119_PV_1_RT,,,,
ScnHA,308_RTPV_1,0,0,0,308_RTPV_1_RT,,,,
ScnHA,313_RTPV_1,0,0,0,313_RTPV_1_RT,,,,
ScnHA,313_RTPV_2,0,0,0,313_RTPV_2_RT,,,,
ScnHA,313_RTPV_3,0,0,0,313_RTPV_3_RT,,,,
ScnHA,313_RTPV_4,0,0,0,313_RTPV_4_RT,,,,
ScnHA,313_RTPV_5,0,0,0,313_RTPV_5_RT,,,,
ScnHA,313_RTPV_6,0,0,0,313_RTPV_6_RT,,,,
ScnHA,313_RTPV_7,0,0,0,313_RTPV_7_RT,,,,
ScnHA,313_RTPV_8,0,0,0,313_RTPV_8_RT,,,,
ScnHA,313_RTPV_9,0,0,0,313_RTPV_9_RT,,,,
ScnHA,313_RTPV_10,0,0,0,313_RTPV_10_RT,,,,
ScnHA,313_RTPV_11,0,0,0,313_RTPV_11_RT,,,,
ScnHA,313_RTPV_12,0,0,0,313_RTPV_12_RT,,,,
ScnHA,320_RTPV_1,0,0,0,320_RTPV_1_RT,,,,
ScnHA,320_RTPV_2,0,0,0,320_RTPV_2_RT,,,,
ScnHA,320_RTPV_3,0,0,0,320_RTPV_3_RT,,,,
ScnHA,313_RTPV_13,0,0,0,313_RTPV_13_RT,,,,
ScnHA,320_RTPV_4,0,0,0,320_RTPV_4_RT,,,,
ScnHA,320_RTPV_5,0,0,0,320_RTPV_5_RT,,,,
ScnHA,118_RTPV_1,0,0,0,118_RTPV_1_RT,,,,
ScnHA,118_RTPV_2,0,0,0,118_RTPV_2_RT,,,,
ScnHA,118_RTPV_3,0,0,0,118_RTPV_3_RT,,,,
ScnHA,118_RTPV_4,0,0,0,118_RTPV_4_RT,,,,
ScnHA,118_RTPV_5,0,0,0,118_RTPV_5_RT,,,,
ScnHA,118_RTPV_6,0,0,0,118_RTPV_6_RT,,,,
ScnHA,320_RTPV_6,0,0,0,320_RTPV_6_RT,,,,
ScnHA,118_RTPV_7,0,0,0,118_RTPV_7_RT,,,,
ScnHA,118_RTPV_8,0,0,0,118_RTPV_8_RT,,,,
ScnHA,118_RTPV_9,0,0,0,118_RTPV_9_RT,,,,
ScnHA,118_RTPV_10,0,0,0,118_RTPV_10_RT,,,,
ScnHA,213_RTPV_1,0,0,0,213_RTPV_1_RT,,,,
ScnHA,309_WIND_1,0,0,0,309_WIND_1_RT,,,,
ScnHA,317_WIND_1,0,0,0,317_WIND_1_RT,,,,
ScnHA,303_WIND_1,0,0,0,303_WIND_1_RT,,,,
ScnHA,122_WIND_1,0,0,0,122_WIND_1_RT,,,,
ScnRT,122_HYDRO_1,0,0,0,122_HYDRO_1_RT,,,,
ScnRT,122_HYDRO_2,0,0,0,122_HYDRO_2_RT,,,,
ScnRT,122_HYDRO_3,0,0,0,122_HYDRO_3_RT,,,,
ScnRT,122_HYDRO_4,0,0,0,122_HYDRO_4_RT,,,,
ScnRT,122_HYDRO_5,0,0,0,122_HYDRO_5_RT,,,,
ScnRT,122_HYDRO_6,0,0,0,122_HYDRO_6_RT,,,,
ScnRT,201_HYDRO_4,0,0,0,201_HYDRO_4_RT,,,,
ScnRT,215_HYDRO_1,0,0,0,215_HYDRO_1_RT,,,,
ScnRT,215_HYDRO_2,0,0,0,215_HYDRO_2_RT,,,,
ScnRT,215_HYDRO_3,0,0,0,215_HYDRO_3_RT,,,,
ScnRT,222_HYDRO_1,0,0,0,222_HYDRO_1_RT,,,,
ScnRT,222_HYDRO_2,0,0,0,222_HYDRO_2_RT,,,,
ScnRT,222_HYDRO_3,0,0,0,222_HYDRO_3_RT,,,,
ScnRT,222_HYDRO_4,0,0,0,222_HYDRO_4_RT,,,,
ScnRT,222_HYDRO_5,0,0,0,222_HYDRO_5_RT,,,,
ScnRT,222_HYDRO_6,0,0,0,222_HYDRO_6_RT,,,,
ScnRT,322_HYDRO_1,0,0,0,322_HYDRO_1_RT,,,,
ScnRT,322_HYDRO_2,0,0,0,322_HYDRO_2_RT,,,,
ScnRT,322_HYDRO_3,0,0,0,322_HYDRO_3_RT,,,,
ScnRT,322_HYDRO_4,0,0,0,322_HYDRO_4_RT,,,,
ScnRT,320_PV_1,0,0,0,320_PV_1_RT,,,,
ScnRT,314_PV_1,0,0,0,314_PV_1_RT,,,,
ScnRT,314_PV_2,0,0,0,314_PV_2_RT,,,,
ScnRT,313_PV_1,0,0,0,313_PV_1_RT,,,,
ScnRT,314_PV_3,0,0,0,314_PV_3_RT,,,,
ScnRT,314_PV_4,0,0,0,314_PV_4_RT,,,,
ScnRT,313_PV_2,0,0,0,313_PV_2_RT,,,,
ScnRT,310_PV_1,0,0,0,310_PV_1_RT,,,,
ScnRT,324_PV_1,0,0,0,324_PV_1_RT,,,,
ScnRT,312_PV_1,0,0,0,312_PV_1_RT,,,,
ScnRT,310_PV_2,0,0,0,310_PV_2_RT,,,,
ScnRT,324_PV_2,0,0,0,324_PV_2_RT,,,,
ScnRT,324_PV_3,0,0,0,324_PV_3_RT,,,,
ScnRT,113_PV_1,0,0,0,113_PV_1_RT,,,,
ScnRT,319_PV_1,0,0,0,319_PV_1_RT,,,,
ScnRT,215_PV_1,0,0,0,215_PV_1_RT,,,,
ScnRT,102_PV_1,0,0,0,102_PV_1_RT,,,,
ScnRT,101_PV_1,0,0,0,101_PV_1_RT,,,,
ScnRT,102_PV_2,0,0,0,102_PV_2_RT,,,,
ScnRT,104_PV_1,0,0,0,104_PV_1_RT,,,,
ScnRT,101_PV_2,0,0,0,101_PV_2_RT,,,,
ScnRT,101_PV_3,0,0,0,101_PV_3_RT,,,,
ScnRT,101_PV_4,0,0,0,101_PV_4_RT,,,,
ScnRT,103_PV_1,0,0,0,103_PV_1_RT,,,,
ScnRT,119_PV_1,0,0,0,119_PV_1_RT,,,,
ScnRT,308_RTPV_1,0,0,0,308_RTPV_1_RT,,,,
ScnRT,313_RTPV_1,0,0,0,313_RTPV_1_RT,,,,
ScnRT,313_RTPV_2,0,0,0,313_RTPV_2_RT,,,,
ScnRT,313_RTPV_3,0,0,0,313_RTPV_3_RT,,,,
ScnRT,313_RTPV_4,0,0,0,313_RTPV_4_RT,,,,
ScnRT,313_RTPV_5,0,0,0,313_RTPV_5_RT,,,,
ScnRT,313_RTPV_6,0,0,0,313_RTPV_6_RT,,,,
ScnRT,313_RTPV_7,0,0,0,313_RTPV_7_RT,,,,
ScnRT,313_RTPV_8,0,0,0,313_RTPV_8_RT,,,,
ScnRT,313_RTPV_9,0,0,0,313_RTPV_9_RT,,,,
ScnRT,313_RTPV_10,0,0,0,313_RTPV_10_RT,,,,
ScnRT,313_RTPV_11,0,0,0,313_RTPV_11_RT,,,,
ScnRT,313_RTPV_12,0,0,0,313_RTPV_12_RT,,,,
ScnRT,320_RTPV_1,0,0,0,320_RTPV_1_RT,,,,
ScnRT,320_RTPV_2,0,0,0,320_RTPV_2_RT,,,,
ScnRT,320_RTPV_3,0,0,0,320_RTPV_3_RT,,,,
ScnRT,313_RTPV_13,0,0,0,313_RTPV_13_RT,,,,
ScnRT,320_RTPV_4,0,0,0,320_RTPV_4_RT,,,,
ScnRT,320_RTPV_5,0,0,0,320_RTPV_5_RT,,,,
ScnRT,118_RTPV_1,0,0,0,118_RTPV_1_RT,,,,
ScnRT,118_RTPV_2,0,0,0,118_RTPV_2_RT,,,,
ScnRT,118_RTPV_3,0,0,0,118_RTPV_3_RT,,,,
ScnRT,118_RTPV_4,0,0,0,118_RTPV_4_RT,,,,
ScnRT,118_RTPV_5,0,0,0,118_RTPV_5_RT,,,,
ScnRT,118_RTPV_6,0,0,0,118_RTPV_6_RT,,,,
ScnRT,320_RTPV_6,0,0,0,320_RTPV_6_RT,,,,
ScnRT,118_RTPV_7,0,0,0,118_RTPV_7_RT,,,,
ScnRT,118_RTPV_8,0,0,0,118_RTPV_8_RT,,,,
ScnRT,118_RTPV_9,0,0,0,118_RTPV_9_RT,,,,
ScnRT,118_RTPV_10,0,0,0,118_RTPV_10_RT,,,,
ScnRT,213_RTPV_1,0,0,0,213_RTPV_1_RT,,,,
ScnRT,309_WIND_1,0,0,0,309_WIND_1_RT,,,,
ScnRT,317_WIND_1,0,0,0,317_WIND_1_RT,,,,
ScnRT,303_WIND_1,0,0,0,303_WIND_1_RT,,,,
ScnRT,122_WIND_1,0,0,0,122_WIND_1_RT,,,,
//EOF,,,,,,,,,
