//Scenario,Injector,MaxMw,Enforce,ScaleFactor,Schedule,Sequence
0,122_HYDRO_1,0.000,0,0.000,122_HYDRO_1,
0,122_HYDRO_2,0.000,0,0.000,122_HYDRO_2,
0,122_HYDRO_3,0.000,0,0.000,122_HYDRO_3,
0,122_HYDRO_4,0.000,0,0.000,122_HYDRO_4,
0,122_HYDRO_5,0.000,0,0.000,122_HYDRO_5,
0,122_HYDRO_6,0.000,0,0.000,122_HYDRO_6,
0,201_HYDRO_4,0.000,0,0.000,201_HYDRO_4,
0,215_HYDRO_1,0.000,0,0.000,215_HYDRO_1,
0,215_HYDRO_2,0.000,0,0.000,215_HYDRO_2,
0,215_HYDRO_3,0.000,0,0.000,215_HYDRO_3,
0,222_HYDRO_1,0.000,0,0.000,222_HYDRO_1,
0,222_HYDRO_2,0.000,0,0.000,222_HYDRO_2,
0,222_HYDRO_3,0.000,0,0.000,222_HYDRO_3,
0,222_HYDRO_4,0.000,0,0.000,222_HYDRO_4,
0,222_HYDRO_5,0.000,0,0.000,222_HYDRO_5,
0,222_HYDRO_6,0.000,0,0.000,222_HYDRO_6,
0,322_HYDRO_1,0.000,0,0.000,322_HYDRO_1,
0,322_HYDRO_2,0.000,0,0.000,322_HYDRO_2,
0,322_HYDRO_3,0.000,0,0.000,322_HYDRO_3,
0,322_HYDRO_4,0.000,0,0.000,322_HYDRO_4,
0,320_PV_1,0.000,0,0.000,320_PV_1,
0,314_PV_1,0.000,0,0.000,314_PV_1,
0,314_PV_2,0.000,0,0.000,314_PV_2,
0,313_PV_1,0.000,0,0.000,313_PV_1,
0,314_PV_3,0.000,0,0.000,314_PV_3,
0,314_PV_4,0.000,0,0.000,314_PV_4,
0,313_PV_2,0.000,0,0.000,313_PV_2,
0,310_PV_1,0.000,0,0.000,310_PV_1,
0,324_PV_1,0.000,0,0.000,324_PV_1,
0,312_PV_1,0.000,0,0.000,312_PV_1,
0,310_PV_2,0.000,0,0.000,310_PV_2,
0,324_PV_2,0.000,0,0.000,324_PV_2,
0,324_PV_3,0.000,0,0.000,324_PV_3,
0,113_PV_1,0.000,0,0.000,113_PV_1,
0,319_PV_1,0.000,0,0.000,319_PV_1,
0,215_PV_1,0.000,0,0.000,215_PV_1,
0,102_PV_1,0.000,0,0.000,102_PV_1,
0,101_PV_1,0.000,0,0.000,101_PV_1,
0,102_PV_2,0.000,0,0.000,102_PV_2,
0,104_PV_1,0.000,0,0.000,104_PV_1,
0,101_PV_2,0.000,0,0.000,101_PV_2,
0,101_PV_3,0.000,0,0.000,101_PV_3,
0,101_PV_4,0.000,0,0.000,101_PV_4,
0,103_PV_1,0.000,0,0.000,103_PV_1,
0,119_PV_1,0.000,0,0.000,119_PV_1,
0,308_RTPV_1,0.000,0,0.000,308_RTPV_1,
0,313_RTPV_1,0.000,0,0.000,313_RTPV_1,
0,313_RTPV_2,0.000,0,0.000,313_RTPV_2,
0,313_RTPV_3,0.000,0,0.000,313_RTPV_3,
0,313_RTPV_4,0.000,0,0.000,313_RTPV_4,
0,313_RTPV_5,0.000,0,0.000,313_RTPV_5,
0,313_RTPV_6,0.000,0,0.000,313_RTPV_6,
0,313_RTPV_7,0.000,0,0.000,313_RTPV_7,
0,313_RTPV_8,0.000,0,0.000,313_RTPV_8,
0,313_RTPV_9,0.000,0,0.000,313_RTPV_9,
0,313_RTPV_10,0.000,0,0.000,313_RTPV_10,
0,313_RTPV_11,0.000,0,0.000,313_RTPV_11,
0,313_RTPV_12,0.000,0,0.000,313_RTPV_12,
0,320_RTPV_1,0.000,0,0.000,320_RTPV_1,
0,320_RTPV_2,0.000,0,0.000,320_RTPV_2,
0,320_RTPV_3,0.000,0,0.000,320_RTPV_3,
0,313_RTPV_13,0.000,0,0.000,313_RTPV_13,
0,320_RTPV_4,0.000,0,0.000,320_RTPV_4,
0,320_RTPV_5,0.000,0,0.000,320_RTPV_5,
0,118_RTPV_1,0.000,0,0.000,118_RTPV_1,
0,118_RTPV_2,0.000,0,0.000,118_RTPV_2,
0,118_RTPV_3,0.000,0,0.000,118_RTPV_3,
0,118_RTPV_4,0.000,0,0.000,118_RTPV_4,
0,118_RTPV_5,0.000,0,0.000,118_RTPV_5,
0,118_RTPV_6,0.000,0,0.000,118_RTPV_6,
0,320_RTPV_6,0.000,0,0.000,320_RTPV_6,
0,118_RTPV_7,0.000,0,0.000,118_RTPV_7,
0,118_RTPV_8,0.000,0,0.000,118_RTPV_8,
0,118_RTPV_9,0.000,0,0.000,118_RTPV_9,
0,118_RTPV_10,0.000,0,0.000,118_RTPV_10,
0,213_RTPV_1,0.000,0,0.000,213_RTPV_1,
0,309_WIND_1,0.000,0,0.000,309_WIND_1,
0,317_WIND_1,0.000,0,0.000,317_WIND_1,
0,303_WIND_1,0.000,0,0.000,303_WIND_1,
0,122_WIND_1,0.000,0,0.000,122_WIND_1,
Scn4HA,122_HYDRO_1,0.000,0,0.000,122_HYDRO_1_RT,
Scn4HA,122_HYDRO_2,0.000,0,0.000,122_HYDRO_2_RT,
Scn4HA,122_HYDRO_3,0.000,0,0.000,122_HYDRO_3_RT,
Scn4HA,122_HYDRO_4,0.000,0,0.000,122_HYDRO_4_RT,
Scn4HA,122_HYDRO_5,0.000,0,0.000,122_HYDRO_5_RT,
Scn4HA,122_HYDRO_6,0.000,0,0.000,122_HYDRO_6_RT,
Scn4HA,201_HYDRO_4,0.000,0,0.000,201_HYDRO_4_RT,
Scn4HA,215_HYDRO_1,0.000,0,0.000,215_HYDRO_1_RT,
Scn4HA,215_HYDRO_2,0.000,0,0.000,215_HYDRO_2_RT,
Scn4HA,215_HYDRO_3,0.000,0,0.000,215_HYDRO_3_RT,
Scn4HA,222_HYDRO_1,0.000,0,0.000,222_HYDRO_1_RT,
Scn4HA,222_HYDRO_2,0.000,0,0.000,222_HYDRO_2_RT,
Scn4HA,222_HYDRO_3,0.000,0,0.000,222_HYDRO_3_RT,
Scn4HA,222_HYDRO_4,0.000,0,0.000,222_HYDRO_4_RT,
Scn4HA,222_HYDRO_5,0.000,0,0.000,222_HYDRO_5_RT,
Scn4HA,222_HYDRO_6,0.000,0,0.000,222_HYDRO_6_RT,
Scn4HA,322_HYDRO_1,0.000,0,0.000,322_HYDRO_1_RT,
Scn4HA,322_HYDRO_2,0.000,0,0.000,322_HYDRO_2_RT,
Scn4HA,322_HYDRO_3,0.000,0,0.000,322_HYDRO_3_RT,
Scn4HA,322_HYDRO_4,0.000,0,0.000,322_HYDRO_4_RT,
Scn4HA,320_PV_1,0.000,0,0.000,320_PV_1_RT,
Scn4HA,314_PV_1,0.000,0,0.000,314_PV_1_RT,
Scn4HA,314_PV_2,0.000,0,0.000,314_PV_2_RT,
Scn4HA,313_PV_1,0.000,0,0.000,313_PV_1_RT,
Scn4HA,314_PV_3,0.000,0,0.000,314_PV_3_RT,
Scn4HA,314_PV_4,0.000,0,0.000,314_PV_4_RT,
Scn4HA,313_PV_2,0.000,0,0.000,313_PV_2_RT,
Scn4HA,310_PV_1,0.000,0,0.000,310_PV_1_RT,
Scn4HA,324_PV_1,0.000,0,0.000,324_PV_1_RT,
Scn4HA,312_PV_1,0.000,0,0.000,312_PV_1_RT,
Scn4HA,310_PV_2,0.000,0,0.000,310_PV_2_RT,
Scn4HA,324_PV_2,0.000,0,0.000,324_PV_2_RT,
Scn4HA,324_PV_3,0.000,0,0.000,324_PV_3_RT,
Scn4HA,113_PV_1,0.000,0,0.000,113_PV_1_RT,
Scn4HA,319_PV_1,0.000,0,0.000,319_PV_1_RT,
Scn4HA,215_PV_1,0.000,0,0.000,215_PV_1_RT,
Scn4HA,102_PV_1,0.000,0,0.000,102_PV_1_RT,
Scn4HA,101_PV_1,0.000,0,0.000,101_PV_1_RT,
Scn4HA,102_PV_2,0.000,0,0.000,102_PV_2_RT,
Scn4HA,104_PV_1,0.000,0,0.000,104_PV_1_RT,
Scn4HA,101_PV_2,0.000,0,0.000,101_PV_2_RT,
Scn4HA,101_PV_3,0.000,0,0.000,101_PV_3_RT,
Scn4HA,101_PV_4,0.000,0,0.000,101_PV_4_RT,
Scn4HA,103_PV_1,0.000,0,0.000,103_PV_1_RT,
Scn4HA,119_PV_1,0.000,0,0.000,119_PV_1_RT,
Scn4HA,308_RTPV_1,0.000,0,0.000,308_RTPV_1_RT,
Scn4HA,313_RTPV_1,0.000,0,0.000,313_RTPV_1_RT,
Scn4HA,313_RTPV_2,0.000,0,0.000,313_RTPV_2_RT,
Scn4HA,313_RTPV_3,0.000,0,0.000,313_RTPV_3_RT,
Scn4HA,313_RTPV_4,0.000,0,0.000,313_RTPV_4_RT,
Scn4HA,313_RTPV_5,0.000,0,0.000,313_RTPV_5_RT,
Scn4HA,313_RTPV_6,0.000,0,0.000,313_RTPV_6_RT,
Scn4HA,313_RTPV_7,0.000,0,0.000,313_RTPV_7_RT,
Scn4HA,313_RTPV_8,0.000,0,0.000,313_RTPV_8_RT,
Scn4HA,313_RTPV_9,0.000,0,0.000,313_RTPV_9_RT,
Scn4HA,313_RTPV_10,0.000,0,0.000,313_RTPV_10_RT,
Scn4HA,313_RTPV_11,0.000,0,0.000,313_RTPV_11_RT,
Scn4HA,313_RTPV_12,0.000,0,0.000,313_RTPV_12_RT,
Scn4HA,320_RTPV_1,0.000,0,0.000,320_RTPV_1_RT,
Scn4HA,320_RTPV_2,0.000,0,0.000,320_RTPV_2_RT,
Scn4HA,320_RTPV_3,0.000,0,0.000,320_RTPV_3_RT,
Scn4HA,313_RTPV_13,0.000,0,0.000,313_RTPV_13_RT,
Scn4HA,320_RTPV_4,0.000,0,0.000,320_RTPV_4_RT,
Scn4HA,320_RTPV_5,0.000,0,0.000,320_RTPV_5_RT,
Scn4HA,118_RTPV_1,0.000,0,0.000,118_RTPV_1_RT,
Scn4HA,118_RTPV_2,0.000,0,0.000,118_RTPV_2_RT,
Scn4HA,118_RTPV_3,0.000,0,0.000,118_RTPV_3_RT,
Scn4HA,118_RTPV_4,0.000,0,0.000,118_RTPV_4_RT,
Scn4HA,118_RTPV_5,0.000,0,0.000,118_RTPV_5_RT,
Scn4HA,118_RTPV_6,0.000,0,0.000,118_RTPV_6_RT,
Scn4HA,320_RTPV_6,0.000,0,0.000,320_RTPV_6_RT,
Scn4HA,118_RTPV_7,0.000,0,0.000,118_RTPV_7_RT,
Scn4HA,118_RTPV_8,0.000,0,0.000,118_RTPV_8_RT,
Scn4HA,118_RTPV_9,0.000,0,0.000,118_RTPV_9_RT,
Scn4HA,118_RTPV_10,0.000,0,0.000,118_RTPV_10_RT,
Scn4HA,213_RTPV_1,0.000,0,0.000,213_RTPV_1_RT,
Scn4HA,309_WIND_1,0.000,0,0.000,309_WIND_1_RT,
Scn4HA,317_WIND_1,0.000,0,0.000,317_WIND_1_RT,
Scn4HA,303_WIND_1,0.000,0,0.000,303_WIND_1_RT,
Scn4HA,122_WIND_1,0.000,0,0.000,122_WIND_1_RT,
ScnHA,122_HYDRO_1,0.000,0,0.000,122_HYDRO_1_RT,
ScnHA,122_HYDRO_2,0.000,0,0.000,122_HYDRO_2_RT,
ScnHA,122_HYDRO_3,0.000,0,0.000,122_HYDRO_3_RT,
ScnHA,122_HYDRO_4,0.000,0,0.000,122_HYDRO_4_RT,
ScnHA,122_HYDRO_5,0.000,0,0.000,122_HYDRO_5_RT,
ScnHA,122_HYDRO_6,0.000,0,0.000,122_HYDRO_6_RT,
ScnHA,201_HYDRO_4,0.000,0,0.000,201_HYDRO_4_RT,
ScnHA,215_HYDRO_1,0.000,0,0.000,215_HYDRO_1_RT,
ScnHA,215_HYDRO_2,0.000,0,0.000,215_HYDRO_2_RT,
ScnHA,215_HYDRO_3,0.000,0,0.000,215_HYDRO_3_RT,
ScnHA,222_HYDRO_1,0.000,0,0.000,222_HYDRO_1_RT,
ScnHA,222_HYDRO_2,0.000,0,0.000,222_HYDRO_2_RT,
ScnHA,222_HYDRO_3,0.000,0,0.000,222_HYDRO_3_RT,
ScnHA,222_HYDRO_4,0.000,0,0.000,222_HYDRO_4_RT,
ScnHA,222_HYDRO_5,0.000,0,0.000,222_HYDRO_5_RT,
ScnHA,222_HYDRO_6,0.000,0,0.000,222_HYDRO_6_RT,
ScnHA,322_HYDRO_1,0.000,0,0.000,322_HYDRO_1_RT,
ScnHA,322_HYDRO_2,0.000,0,0.000,322_HYDRO_2_RT,
ScnHA,322_HYDRO_3,0.000,0,0.000,322_HYDRO_3_RT,
ScnHA,322_HYDRO_4,0.000,0,0.000,322_HYDRO_4_RT,
ScnHA,320_PV_1,0.000,0,0.000,320_PV_1_RT,
ScnHA,314_PV_1,0.000,0,0.000,314_PV_1_RT,
ScnHA,314_PV_2,0.000,0,0.000,314_PV_2_RT,
ScnHA,313_PV_1,0.000,0,0.000,313_PV_1_RT,
ScnHA,314_PV_3,0.000,0,0.000,314_PV_3_RT,
ScnHA,314_PV_4,0.000,0,0.000,314_PV_4_RT,
ScnHA,313_PV_2,0.000,0,0.000,313_PV_2_RT,
ScnHA,310_PV_1,0.000,0,0.000,310_PV_1_RT,
ScnHA,324_PV_1,0.000,0,0.000,324_PV_1_RT,
ScnHA,312_PV_1,0.000,0,0.000,312_PV_1_RT,
ScnHA,310_PV_2,0.000,0,0.000,310_PV_2_RT,
ScnHA,324_PV_2,0.000,0,0.000,324_PV_2_RT,
ScnHA,324_PV_3,0.000,0,0.000,324_PV_3_RT,
ScnHA,113_PV_1,0.000,0,0.000,113_PV_1_RT,
ScnHA,319_PV_1,0.000,0,0.000,319_PV_1_RT,
ScnHA,215_PV_1,0.000,0,0.000,215_PV_1_RT,
ScnHA,102_PV_1,0.000,0,0.000,102_PV_1_RT,
ScnHA,101_PV_1,0.000,0,0.000,101_PV_1_RT,
ScnHA,102_PV_2,0.000,0,0.000,102_PV_2_RT,
ScnHA,104_PV_1,0.000,0,0.000,104_PV_1_RT,
ScnHA,101_PV_2,0.000,0,0.000,101_PV_2_RT,
ScnHA,101_PV_3,0.000,0,0.000,101_PV_3_RT,
ScnHA,101_PV_4,0.000,0,0.000,101_PV_4_RT,
ScnHA,103_PV_1,0.000,0,0.000,103_PV_1_RT,
ScnHA,119_PV_1,0.000,0,0.000,119_PV_1_RT,
ScnHA,308_RTPV_1,0.000,0,0.000,308_RTPV_1_RT,
ScnHA,313_RTPV_1,0.000,0,0.000,313_RTPV_1_RT,
ScnHA,313_RTPV_2,0.000,0,0.000,313_RTPV_2_RT,
ScnHA,313_RTPV_3,0.000,0,0.000,313_RTPV_3_RT,
ScnHA,313_RTPV_4,0.000,0,0.000,313_RTPV_4_RT,
ScnHA,313_RTPV_5,0.000,0,0.000,313_RTPV_5_RT,
ScnHA,313_RTPV_6,0.000,0,0.000,313_RTPV_6_RT,
ScnHA,313_RTPV_7,0.000,0,0.000,313_RTPV_7_RT,
ScnHA,313_RTPV_8,0.000,0,0.000,313_RTPV_8_RT,
ScnHA,313_RTPV_9,0.000,0,0.000,313_RTPV_9_RT,
ScnHA,313_RTPV_10,0.000,0,0.000,313_RTPV_10_RT,
ScnHA,313_RTPV_11,0.000,0,0.000,313_RTPV_11_RT,
ScnHA,313_RTPV_12,0.000,0,0.000,313_RTPV_12_RT,
ScnHA,320_RTPV_1,0.000,0,0.000,320_RTPV_1_RT,
ScnHA,320_RTPV_2,0.000,0,0.000,320_RTPV_2_RT,
ScnHA,320_RTPV_3,0.000,0,0.000,320_RTPV_3_RT,
ScnHA,313_RTPV_13,0.000,0,0.000,313_RTPV_13_RT,
ScnHA,320_RTPV_4,0.000,0,0.000,320_RTPV_4_RT,
ScnHA,320_RTPV_5,0.000,0,0.000,320_RTPV_5_RT,
ScnHA,118_RTPV_1,0.000,0,0.000,118_RTPV_1_RT,
ScnHA,118_RTPV_2,0.000,0,0.000,118_RTPV_2_RT,
ScnHA,118_RTPV_3,0.000,0,0.000,118_RTPV_3_RT,
ScnHA,118_RTPV_4,0.000,0,0.000,118_RTPV_4_RT,
ScnHA,118_RTPV_5,0.000,0,0.000,118_RTPV_5_RT,
ScnHA,118_RTPV_6,0.000,0,0.000,118_RTPV_6_RT,
ScnHA,320_RTPV_6,0.000,0,0.000,320_RTPV_6_RT,
ScnHA,118_RTPV_7,0.000,0,0.000,118_RTPV_7_RT,
ScnHA,118_RTPV_8,0.000,0,0.000,118_RTPV_8_RT,
ScnHA,118_RTPV_9,0.000,0,0.000,118_RTPV_9_RT,
ScnHA,118_RTPV_10,0.000,0,0.000,118_RTPV_10_RT,
ScnHA,213_RTPV_1,0.000,0,0.000,213_RTPV_1_RT,
ScnHA,309_WIND_1,0.000,0,0.000,309_WIND_1_RT,
ScnHA,317_WIND_1,0.000,0,0.000,317_WIND_1_RT,
ScnHA,303_WIND_1,0.000,0,0.000,303_WIND_1_RT,
ScnHA,122_WIND_1,0.000,0,0.000,122_WIND_1_RT,
ScnRT,122_HYDRO_1,0.000,0,0.000,122_HYDRO_1_RT,
ScnRT,122_HYDRO_2,0.000,0,0.000,122_HYDRO_2_RT,
ScnRT,122_HYDRO_3,0.000,0,0.000,122_HYDRO_3_RT,
ScnRT,122_HYDRO_4,0.000,0,0.000,122_HYDRO_4_RT,
ScnRT,122_HYDRO_5,0.000,0,0.000,122_HYDRO_5_RT,
ScnRT,122_HYDRO_6,0.000,0,0.000,122_HYDRO_6_RT,
ScnRT,201_HYDRO_4,0.000,0,0.000,201_HYDRO_4_RT,
ScnRT,215_HYDRO_1,0.000,0,0.000,215_HYDRO_1_RT,
ScnRT,215_HYDRO_2,0.000,0,0.000,215_HYDRO_2_RT,
ScnRT,215_HYDRO_3,0.000,0,0.000,215_HYDRO_3_RT,
ScnRT,222_HYDRO_1,0.000,0,0.000,222_HYDRO_1_RT,
ScnRT,222_HYDRO_2,0.000,0,0.000,222_HYDRO_2_RT,
ScnRT,222_HYDRO_3,0.000,0,0.000,222_HYDRO_3_RT,
ScnRT,222_HYDRO_4,0.000,0,0.000,222_HYDRO_4_RT,
ScnRT,222_HYDRO_5,0.000,0,0.000,222_HYDRO_5_RT,
ScnRT,222_HYDRO_6,0.000,0,0.000,222_HYDRO_6_RT,
ScnRT,322_HYDRO_1,0.000,0,0.000,322_HYDRO_1_RT,
ScnRT,322_HYDRO_2,0.000,0,0.000,322_HYDRO_2_RT,
ScnRT,322_HYDRO_3,0.000,0,0.000,322_HYDRO_3_RT,
ScnRT,322_HYDRO_4,0.000,0,0.000,322_HYDRO_4_RT,
ScnRT,320_PV_1,0.000,0,0.000,320_PV_1_RT,
ScnRT,314_PV_1,0.000,0,0.000,314_PV_1_RT,
ScnRT,314_PV_2,0.000,0,0.000,314_PV_2_RT,
ScnRT,313_PV_1,0.000,0,0.000,313_PV_1_RT,
ScnRT,314_PV_3,0.000,0,0.000,314_PV_3_RT,
ScnRT,314_PV_4,0.000,0,0.000,314_PV_4_RT,
ScnRT,313_PV_2,0.000,0,0.000,313_PV_2_RT,
ScnRT,310_PV_1,0.000,0,0.000,310_PV_1_RT,
ScnRT,324_PV_1,0.000,0,0.000,324_PV_1_RT,
ScnRT,312_PV_1,0.000,0,0.000,312_PV_1_RT,
ScnRT,310_PV_2,0.000,0,0.000,310_PV_2_RT,
ScnRT,324_PV_2,0.000,0,0.000,324_PV_2_RT,
ScnRT,324_PV_3,0.000,0,0.000,324_PV_3_RT,
ScnRT,113_PV_1,0.000,0,0.000,113_PV_1_RT,
ScnRT,319_PV_1,0.000,0,0.000,319_PV_1_RT,
ScnRT,215_PV_1,0.000,0,0.000,215_PV_1_RT,
ScnRT,102_PV_1,0.000,0,0.000,102_PV_1_RT,
ScnRT,101_PV_1,0.000,0,0.000,101_PV_1_RT,
ScnRT,102_PV_2,0.000,0,0.000,102_PV_2_RT,
ScnRT,104_PV_1,0.000,0,0.000,104_PV_1_RT,
ScnRT,101_PV_2,0.000,0,0.000,101_PV_2_RT,
ScnRT,101_PV_3,0.000,0,0.000,101_PV_3_RT,
ScnRT,101_PV_4,0.000,0,0.000,101_PV_4_RT,
ScnRT,103_PV_1,0.000,0,0.000,103_PV_1_RT,
ScnRT,119_PV_1,0.000,0,0.000,119_PV_1_RT,
ScnRT,308_RTPV_1,0.000,0,0.000,308_RTPV_1_RT,
ScnRT,313_RTPV_1,0.000,0,0.000,313_RTPV_1_RT,
ScnRT,313_RTPV_2,0.000,0,0.000,313_RTPV_2_RT,
ScnRT,313_RTPV_3,0.000,0,0.000,313_RTPV_3_RT,
ScnRT,313_RTPV_4,0.000,0,0.000,313_RTPV_4_RT,
ScnRT,313_RTPV_5,0.000,0,0.000,313_RTPV_5_RT,
ScnRT,313_RTPV_6,0.000,0,0.000,313_RTPV_6_RT,
ScnRT,313_RTPV_7,0.000,0,0.000,313_RTPV_7_RT,
ScnRT,313_RTPV_8,0.000,0,0.000,313_RTPV_8_RT,
ScnRT,313_RTPV_9,0.000,0,0.000,313_RTPV_9_RT,
ScnRT,313_RTPV_10,0.000,0,0.000,313_RTPV_10_RT,
ScnRT,313_RTPV_11,0.000,0,0.000,313_RTPV_11_RT,
ScnRT,313_RTPV_12,0.000,0,0.000,313_RTPV_12_RT,
ScnRT,320_RTPV_1,0.000,0,0.000,320_RTPV_1_RT,
ScnRT,320_RTPV_2,0.000,0,0.000,320_RTPV_2_RT,
ScnRT,320_RTPV_3,0.000,0,0.000,320_RTPV_3_RT,
ScnRT,313_RTPV_13,0.000,0,0.000,313_RTPV_13_RT,
ScnRT,320_RTPV_4,0.000,0,0.000,320_RTPV_4_RT,
ScnRT,320_RTPV_5,0.000,0,0.000,320_RTPV_5_RT,
ScnRT,118_RTPV_1,0.000,0,0.000,118_RTPV_1_RT,
ScnRT,118_RTPV_2,0.000,0,0.000,118_RTPV_2_RT,
ScnRT,118_RTPV_3,0.000,0,0.000,118_RTPV_3_RT,
ScnRT,118_RTPV_4,0.000,0,0.000,118_RTPV_4_RT,
ScnRT,118_RTPV_5,0.000,0,0.000,118_RTPV_5_RT,
ScnRT,118_RTPV_6,0.000,0,0.000,118_RTPV_6_RT,
ScnRT,320_RTPV_6,0.000,0,0.000,320_RTPV_6_RT,
ScnRT,118_RTPV_7,0.000,0,0.000,118_RTPV_7_RT,
ScnRT,118_RTPV_8,0.000,0,0.000,118_RTPV_8_RT,
ScnRT,118_RTPV_9,0.000,0,0.000,118_RTPV_9_RT,
ScnRT,118_RTPV_10,0.000,0,0.000,118_RTPV_10_RT,
ScnRT,213_RTPV_1,0.000,0,0.000,213_RTPV_1_RT,
ScnRT,309_WIND_1,0.000,0,0.000,309_WIND_1_RT,
ScnRT,317_WIND_1,0.000,0,0.000,317_WIND_1_RT,
ScnRT,303_WIND_1,0.000,0,0.000,303_WIND_1_RT,
ScnRT,122_WIND_1,0.000,0,0.000,122_WIND_1_RT,
//EOF
